QFCRA_EA,172.17.37.71
QFCRA_EA,172.17.37.72
QFCRA_EA,172.17.36.5
QFCRA_EA,10.1.1.4
QFCRA_EA,10.1.1.4
QFCRA_EA,10.1.1.4
QFCRA_EA,10.1.1.4
QFCRA_EA,10.1.1.4
QFCRA_EA,10.1.1.4
QFCRA_EA,10.1.1.4
QFCRA_EA,172.17.40.68
QFCRA_EA,172.17.40.69
QFCRA_EA,172.17.40.132
QFCRA_EA,172.17.40.83
QFCRA_EA,172.17.40.81
QFCRA_EA,172.17.40.82
QFCRA_EA,172.17.40.80
QFCRA_EA,172.17.40.76
QFCRA_EA,172.17.40.79
QFCRA_EA,172.17.41.70
QFCRA_EA,172.17.42.80
QFCRA_EA,172.17.42.78
QFCRA_EA,172.17.36.79
QFCRA_EA,172.17.36.82
QFCRA_EA,172.17.42.71
QFCRA_EA,172.17.36.81
QFCRA_EA,172.17.38.70
QFCRA_EA,172.17.42.73
QFCRA_EA,172.17.40.134
QFCRA_EA,172.17.40.70
QFCRA_EA,172.17.40.71
QFCRA_EA,172.17.40.133
QFCRA_EA,172.17.40.72
QFCRA_EA,172.17.40.77
QFCRA_EA,172.17.40.74
QFCRA_EA,172.17.41.73
QFCRA_EA,172.17.42.70
QFCRA_EA,172.17.37.4
QFCRA_EA,172.17.37.69
QFCRA_EA,172.17.37.68
QFCRA_EA,172.17.41.4
QFCRA_EA,172.17.40.4
QFCRA_EA,172.17.37.70
QFCRA_EA,172.17.32.73
QFCRA_EA,172.17.42.4
QFCRA_EA,172.17.42.69
QFCRA_EA,172.17.42.68
QFCRA_EA,172.17.38.4
QFCRA_EA,172.17.36.4
QFCRA_EA,172.17.39.4
QFCRA_EA,172.17.40.75
QFCRA_EA,172.17.41.69
QFCRA_EA,172.17.36.6
QFCRA_EA,172.17.36.8
QFCRA_EA,172.17.36.9
QFCRA_EA,172.17.36.135
QFCRA_EA,172.17.36.73
QFCRA_EA,172.17.36.132
QFCRA_EA,172.17.42.75
QFCRA_EA,172.17.42.76
QFCRA_EA,172.17.36.76
QFCRA_EA,172.17.36.69
QFCRA_EA,172.17.36.77
QFCRA_EA,172.17.36.78
QFCRA_EA,172.17.38.68
QFCRA_EA,172.17.39.69
QFCRA_EA,172.17.39.132
QFCRA_EA,172.17.42.72
QFCRA_EA,172.17.36.74
QFCRA_EA,172.17.36.75
QFCRA_EA,172.17.39.70
QFCRA_EA,172.17.38.69
QFCRA_EA,172.17.39.133
QFCRA_EA,172.17.36.68
QFCRA_EA,172.17.39.71
QFCRA_EA,172.17.39.72
QFCRA_EA,172.17.41.71
QFCRA-QA-HUB,172.29.88.21
QFCRA-QA-HUB,172.29.88.4
QFCRA-QA-HUB,172.29.89.4
QFCRA-QA-HUB,172.29.88.133
QFCRA_EA,172.17.32.72
QFCRA_EA,172.17.34.6
QFCRA_EA,172.17.32.5
